Title,YouTube Title,Video ID,Video URL,Published At,View Count,Like Count,Comment Count,Duration
STRAW,Tyler Perry’s STRAW | Official Trailer | Netflix,k1vWhii4tkE,https://www.youtube.com/watch?v=k1vWhii4tkE,2025-05-14T15:00:01Z,3653768,41122,6071,PT2M3S
Titan: The OceanGate Submersible Disaster,TITAN: The OceanGate Submersible Disaster | Official Trailer | Netflix,CplcmrxZMyo,https://www.youtube.com/watch?v=CplcmrxZMyo,2025-05-22T13:30:00Z,1924834,19839,2293,PT1M31S
Plane,"Plane (2023) Official Trailer – Gerard Butler, Mike Colter, Yoson An",M25zXBIUVr0,https://www.youtube.com/watch?v=M25zXBIUVr0,2022-10-26T16:00:17Z,32270483,43569,3393,PT2M39S
Trainwreck: The Astroworld Tragedy,Trainwreck: The Astroworld Tragedy | Official Trailer | Netflix,I6h2NrQIGQs,https://www.youtube.com/watch?v=I6h2NrQIGQs,2025-05-14T17:00:00Z,329861,7064,1663,PT2M3S
Bee Movie,Bee Movie - Official Trailer 2007 [HD],VONRQMx78YI,https://www.youtube.com/watch?v=VONRQMx78YI,2012-11-03T23:16:02Z,1958635,7229,1446,PT1M31S
Get Hard,"Get Hard Official Trailer #1 (2015) - Will Ferrell, Kevin Hart Movie HD",lEqrpuU9fYI,https://www.youtube.com/watch?v=lEqrpuU9fYI,2014-12-19T19:05:57Z,14003217,38453,1990,PT2M25S
World War Z,World War Z Official Trailer #1 (2013) - Brad Pitt Movie HD,Md6Dvxdr0AQ,https://www.youtube.com/watch?v=Md6Dvxdr0AQ,2012-11-09T00:12:22Z,17710909,78657,12674,PT2M24S
The Super Mario Bros. Movie,The Super Mario Bros. Movie | Official Trailer,TnGl01FkMMo,https://www.youtube.com/watch?v=TnGl01FkMMo,2022-11-29T22:05:04Z,34033531,285424,0,PT2M10S
Wonka,WONKA | Official Trailer,otNh9bTjXWg,https://www.youtube.com/watch?v=otNh9bTjXWg,2023-07-11T16:00:39Z,46785154,486638,30082,PT2M28S
Mission: Impossible - Dead Reckoning,Mission: Impossible – Dead Reckoning | Official Trailer (2023 Movie) - Tom Cruise,avz06PDqDbM,https://www.youtube.com/watch?v=avz06PDqDbM,2023-05-17T13:00:00Z,32548792,340073,15887,PT2M28S
Fear Street: Prom Queen,Fear Street: Prom Queen | Official Trailer | Netflix,gYbnjaK5nsI,https://www.youtube.com/watch?v=gYbnjaK5nsI,2025-04-29T15:00:00Z,1754604,48975,2598,PT2M21S
The Wild Robot,The Wild Robot | Official Trailer,67vbA5ZJdKQ,https://www.youtube.com/watch?v=67vbA5ZJdKQ,2024-03-05T16:00:09Z,20657383,198682,13928,PT2M25S
Aquaman and the Lost Kingdom,Aquaman and the Lost Kingdom | Trailer,UGc5Tzz19UY,https://www.youtube.com/watch?v=UGc5Tzz19UY,2023-09-20T17:37:05Z,6840721,46235,3335,PT2M38S
Nonnas,NONNAS | Official Trailer | Netflix,rDJxJd3FzDY,https://www.youtube.com/watch?v=rDJxJd3FzDY,2025-04-09T15:00:02Z,1459448,9653,686,PT2M24S
Puss in Boots: The Last Wish,Puss In Boots: The Last Wish - Official Trailer 2,RqrXhwS33yc,https://www.youtube.com/watch?v=RqrXhwS33yc,2022-06-15T15:00:25Z,14170479,95268,0,PT2M55S
Havoc,HAVOC | Official Trailer | Netflix,6txjTWLoSc8,https://www.youtube.com/watch?v=6txjTWLoSc8,2025-04-07T15:00:01Z,2565398,43227,2590,PT2M1S
Instant Family,Instant Family (2018) - Official Trailer - Paramount Pictures,IUfZq3DUd3Y,https://www.youtube.com/watch?v=IUfZq3DUd3Y,2018-09-05T18:59:17Z,19106547,68952,2835,PT2M28S
Dr. Seuss' The Cat in the Hat,Dr. Seuss' The Cat in the Hat (2003) Theatrical Trailer,oIPq9Kp-9A0,https://www.youtube.com/watch?v=oIPq9Kp-9A0,2020-04-09T23:54:26Z,1129273,4889,0,PT2M4S
Pig,PIG Official Trailer (2021),VSJTPbAm-SM,https://www.youtube.com/watch?v=VSJTPbAm-SM,2021-06-17T16:59:31Z,638281,4474,913,PT2M30S
The Boss Baby,THE BOSS BABY | Teaser Trailer,tquIfapGVqs,https://www.youtube.com/watch?v=tquIfapGVqs,2016-10-17T13:00:05Z,19249417,36257,0,PT2M17S
Untold: The Fall of Favre,Untold: The Fall of Favre | Official Trailer | Netflix,uKWfjyZDX8c,https://www.youtube.com/watch?v=uKWfjyZDX8c,2025-04-29T16:00:00Z,292434,2344,876,PT1M29S
A Deadly American Marriage,A Deadly American Marriage | Official Trailer | Netflix,0PPSFCWO_cA,https://www.youtube.com/watch?v=0PPSFCWO_cA,2025-04-24T16:00:00Z,557178,3807,1130,PT1M50S
Air Force Elite: Thunderbirds,Air Force Elite: Thunderbirds | Official Trailer | Netflix,0-BjU97fvPM,https://www.youtube.com/watch?v=0-BjU97fvPM,2025-04-29T14:00:00Z,1391506,19887,844,PT2M48S
Untold: The Liver King,Untold: The Liver King | Official Trailer | Netflix,Idi-wps8V5o,https://www.youtube.com/watch?v=Idi-wps8V5o,2025-04-22T16:30:00Z,263617,1718,852,PT1M27S
Inside Man: Most Wanted,"Inside Man: Most Wanted | Trailer | Own it now on Blu-ray, DVD & Digital",tlg4BQqhn3I,https://www.youtube.com/watch?v=tlg4BQqhn3I,2019-08-07T17:17:19Z,1276165,1259,113,PT31S
Home,"Home Official Trailer #1 (2015) - Jennifer Lopez, Rihanna Animated Movie HD",MyqZf8LiWvM,https://www.youtube.com/watch?v=MyqZf8LiWvM,2014-06-13T15:43:18Z,15018208,35753,0,PT2M30S
Beetlejuice Beetlejuice,BEETLEJUICE BEETLEJUICE | Official Trailer,CoZqL9N6Rx4,https://www.youtube.com/watch?v=CoZqL9N6Rx4,2024-05-23T16:00:17Z,21547572,171355,11214,PT2M20S
It Takes Two,"It Takes Two (1995) Official Trailer - Mary-Kate Olsen, Ashley Olsen Movie HD",yh1OH4NnLWQ,https://www.youtube.com/watch?v=yh1OH4NnLWQ,2016-04-08T22:01:37Z,3542766,24400,1386,PT1M56S
High Plains Drifter,High Plains Drifter Official Trailer #1 - Clint Eastwood Movie (1973) HD,Ek9CwmjisLE,https://www.youtube.com/watch?v=Ek9CwmjisLE,2012-01-10T07:10:29Z,471475,1562,96,PT2M19S
Twilight,Twilight (2008) Official Trailer,QDRLSqm_WVg,https://www.youtube.com/watch?v=QDRLSqm_WVg,2012-11-25T09:22:19Z,2200906,11099,379,PT2M24S
Where the Crawdads Sing,WHERE THE CRAWDADS SING - Official Trailer (HD),PY3808Iq0Tg,https://www.youtube.com/watch?v=PY3808Iq0Tg,2022-03-22T13:47:42Z,13741982,68066,3135,PT2M27S
Britain and The Blitz,Britain and the Blitz - Netflix Documentary Trailer,7glwQc2fjGE,https://www.youtube.com/watch?v=7glwQc2fjGE,2025-04-08T14:02:33Z,27550,86,22,PT1M11S
Life or Something Like It,Life or Something Like It Movie Trailer 2002 (Angelina Jolie),R6fKbcjAxJY,https://www.youtube.com/watch?v=R6fKbcjAxJY,2012-10-28T05:46:42Z,702303,2567,137,PT2M31S
The Life List,The Life List | Official Trailer | Netflix,nldAfgJrBr8,https://www.youtube.com/watch?v=nldAfgJrBr8,2025-02-20T15:00:00Z,3431719,39769,627,PT2M21S
Woody Woodpecker,WOODY WOODPECKER Official Trailer (2018) Live-Action Animated Comedy Movie HD,MsnGnXYOoF8,https://www.youtube.com/watch?v=MsnGnXYOoF8,2018-01-03T15:24:37Z,831433,4524,0,PT1M26S
Oklahoma City Bombing: American Terror,Oklahoma City Bombing: American Terror | Official Trailer | Netflix,Q9EFda4HaUQ,https://www.youtube.com/watch?v=Q9EFda4HaUQ,2025-04-10T13:30:00Z,253449,2304,296,PT2M2S
American Sniper,American Sniper - Official Trailer [HD],99k3u9ay1gs,https://www.youtube.com/watch?v=99k3u9ay1gs,2014-10-03T23:55:29Z,27136188,77312,7269,PT2M3S
The Two Popes,The Two Popes | Official Trailer | Netflix,T5OhkFY1PQE,https://www.youtube.com/watch?v=T5OhkFY1PQE,2019-11-05T14:00:04Z,3865336,36239,2531,PT2M20S
Despicable Me 4,Despicable Me 4 | Official Trailer,qQlr9-rF32A,https://www.youtube.com/watch?v=qQlr9-rF32A,2024-01-28T20:35:42Z,28980305,296999,0,PT2M27S
A Dog's Way Home,A DOG'S WAY HOME - Official Trailer (HD),1pKdCHvH310,https://www.youtube.com/watch?v=1pKdCHvH310,2018-10-13T00:38:09Z,12214947,95160,5075,PT2M45S
Back in Action,"Back in Action | Jamie Foxx, Cameron Diaz | Official Trailer | Netflix",MV2nYw6gL_w,https://www.youtube.com/watch?v=MV2nYw6gL_w,2025-01-14T13:00:01Z,2229029,18198,1351,PT2M8S
Meet the Khumalos,Meet the Khumalos | Official Trailer | Netflix,zvLMwhL7BBg,https://www.youtube.com/watch?v=zvLMwhL7BBg,2025-03-18T08:00:00Z,158030,1944,153,PT1M52S
Rise of the Guardians,Rise of the Guardians: Official Trailer,aPLiBxhoug0,https://www.youtube.com/watch?v=aPLiBxhoug0,2012-03-28T17:00:48Z,7402362,24440,0,PT2M30S
The Croods,The Croods - Trailer,4fVCKy69zUY,https://www.youtube.com/watch?v=4fVCKy69zUY,2012-10-03T22:41:44Z,15469682,31363,0,PT2M22S
Minions,Minions Official Trailer #1 (2015) - Despicable Me Prequel HD,eisKxhjBnZ0,https://www.youtube.com/watch?v=eisKxhjBnZ0,2014-11-04T01:50:50Z,30706354,81205,0,PT2M48S
Despicable Me 3,Despicable Me 3 | Official Trailer - In Theaters Summer 2017 (HD) | Illumination,6DBi41reeF0,https://www.youtube.com/watch?v=6DBi41reeF0,2016-12-14T16:00:04Z,41251497,133055,0,PT2M31S
Alpha,ALPHA - Official Trailer (HD),uIxnTi4GmCo,https://www.youtube.com/watch?v=uIxnTi4GmCo,2017-07-18T16:00:11Z,27627615,175623,7679,PT2M46S
Bloodshot,BLOODSHOT - Official Trailer (HD),vOUVVDWdXbo,https://www.youtube.com/watch?v=vOUVVDWdXbo,2019-10-21T07:00:06Z,20396174,224895,11344,PT2M26S
One of Them Days,ONE OF THEM DAYS - Official Trailer (HD),-5xzjw_0d_0,https://www.youtube.com/watch?v=-5xzjw_0d_0,2024-10-24T15:00:00Z,4161401,72488,3128,PT2M33S
Lucy,Lucy - Trailer (Official - HD),bN7ksFEVO9U,https://www.youtube.com/watch?v=bN7ksFEVO9U,2014-04-03T14:57:01Z,6782773,27093,2197,PT2M38S
PAW Patrol: The Mighty Movie,PAW Patrol: The Mighty Movie | Official Trailer (2023 Movie),UDgjJ9XzgHk,https://www.youtube.com/watch?v=UDgjJ9XzgHk,2023-06-12T13:00:04Z,10632005,33572,0,PT2M19S
Geostorm,GEOSTORM Trailer (2017) Gerard Butler Disaster Movie HD [Official Trailer],raUghGHrSTg,https://www.youtube.com/watch?v=raUghGHrSTg,2017-03-08T14:16:45Z,3612190,21576,1275,PT1M42S
Sniper: Rogue Mission,SNIPER: ROGUE MISSION - Official Trailer (HD) | On Blu-ray & Digital August 16,QZ4au55F2mQ,https://www.youtube.com/watch?v=QZ4au55F2mQ,2022-07-06T19:00:14Z,655744,2033,256,PT2M1S
The Core,The Core - Trailer,LVkocdkcmAc,https://www.youtube.com/watch?v=LVkocdkcmAc,2012-05-14T23:19:12Z,2132505,0,0,PT2M14S
Kraven the Hunter,Kraven the Hunter | Official Trailer,I8gFw4-2RBM,https://www.youtube.com/watch?v=I8gFw4-2RBM,2024-08-14T14:00:30Z,5099129,88489,6371,PT2M25S
Con Mum,CON MUM | Official Trailer | Netflix,vDu1cdkDURM,https://www.youtube.com/watch?v=vDu1cdkDURM,2025-03-11T11:00:00Z,331889,3279,713,PT2M22S
The Electric State,The Electric State | Official Trailer | Netflix,KpN98z8Kf5E,https://www.youtube.com/watch?v=KpN98z8Kf5E,2024-12-18T13:30:03Z,2352597,25472,2483,PT1M44S
Robinson Crusoe,Robinson Crusoe  (1997) Trailer,wmOZeZO0sGo,https://www.youtube.com/watch?v=wmOZeZO0sGo,2013-03-14T01:17:49Z,513914,1216,84,PT1M36S
Den of Thieves 2: Pantera,"Den of Thieves 2: Pantera (2025) Official Trailer – Gerard Butler, O’Shea Jackson Jr.",1kmjAnvFw3I,https://www.youtube.com/watch?v=1kmjAnvFw3I,2024-09-19T15:59:35Z,13129481,77305,4185,PT2M48S
The Twister: Caught in the Storm,The Twister: Caught in the Storm | Official Trailer | Netflix,2o0eLtapwr0,https://www.youtube.com/watch?v=2o0eLtapwr0,2025-02-20T17:30:00Z,819316,9495,778,PT1M50S
A Quiet Place: Day One,"A Quiet Place: Day One | Official Trailer (2024 Movie) - Lupita Nyong'o, Joseph Quinn",YPY7J-flzE8,https://www.youtube.com/watch?v=YPY7J-flzE8,2024-02-07T14:00:39Z,29226561,325980,16741,PT1M39S
Plankton: The Movie,Plankton: The Movie | Official Trailer | Netflix,IHRScjhllsQ,https://www.youtube.com/watch?v=IHRScjhllsQ,2025-02-04T16:00:00Z,1824892,39561,0,PT2M
Morbius,MORBIUS - Official Trailer (HD),oZ6iiRrz1SY,https://www.youtube.com/watch?v=oZ6iiRrz1SY,2021-11-02T13:00:33Z,26272078,458459,30276,PT3M5S
Infinite Storm,INFINITE STORM | Official Trailer | Bleecker Street,zRaUIPMq-u0,https://www.youtube.com/watch?v=zRaUIPMq-u0,2022-03-01T14:59:53Z,5878139,1196,187,PT2M8S
Trap,Trap | Official Trailer,hJiPAJKjUVg,https://www.youtube.com/watch?v=hJiPAJKjUVg,2024-04-18T16:06:41Z,27995081,128362,9318,PT2M42S
IF,"IF | Final Trailer (2024 Movie) - Ryan Reynolds, John Krasinski, Steve Carell",mb2187ZQtBE,https://www.youtube.com/watch?v=mb2187ZQtBE,2024-04-11T13:00:04Z,24895421,37385,2656,PT2M19S
Chaos: The Manson Murders,CHAOS: The Manson Murders | Official Trailer | Netflix,YwoA7NvaacI,https://www.youtube.com/watch?v=YwoA7NvaacI,2025-02-21T17:00:00Z,364776,5026,794,PT1M43S
Venom: The Last Dance,VENOM: THE LAST DANCE – Official Trailer (HD),__2bjWbetsA,https://www.youtube.com/watch?v=__2bjWbetsA,2024-06-03T12:59:59Z,39779859,622966,32584,PT3M15S
Sicario,"Sicario TRAILER 1 (2015) - Emily Blunt, Benicio Del Toro Movie HD",G8tlEcnrGnU,https://www.youtube.com/watch?v=G8tlEcnrGnU,2015-06-18T16:35:07Z,8404125,33281,1827,PT2M20S
Runaway Jury,"Runaway Jury Official Trailer #1 - Gene Hackman, Dustin Hoffman Movie (2003)",c80vGyzA0LI,https://www.youtube.com/watch?v=c80vGyzA0LI,2012-02-27T23:11:31Z,580450,1403,185,PT2M27S
Midnight in the Switchgrass,"Midnight In The Switchgrass (2021) Official Red Band Trailer - Bruce Willis, Megan Fox",1pNN66fRumw,https://www.youtube.com/watch?v=1pNN66fRumw,2021-06-10T16:00:07Z,1058256,3878,560,PT2M48S
Uncharted,UNCHARTED - Official Trailer (HD),eHp3MbsCbMg,https://www.youtube.com/watch?v=eHp3MbsCbMg,2021-10-21T13:05:04Z,26602931,358943,24748,PT2M41S
La Dolce Villa,La Dolce Villa | Scott Foley | Official Trailer | Netflix,zBFSEbZNvhc,https://www.youtube.com/watch?v=zBFSEbZNvhc,2025-01-22T16:00:00Z,775751,6503,333,PT2M7S
Despicable Me 2,Despicable Me 2 | Trailer (HD) | Illumination,TlbnGSMJQbQ,https://www.youtube.com/watch?v=TlbnGSMJQbQ,2012-11-02T17:26:18Z,123342655,290472,0,PT1M45S
To Catch a Killer,To Catch a Killer | Official Trailer (HD) | Vertical,qPMi94XLoEA,https://www.youtube.com/watch?v=qPMi94XLoEA,2023-03-07T18:03:33Z,843059,748,143,PT2M18S
Dungeons & Dragons: Honor Among Thieves,Dungeons & Dragons: Honor Among Thieves | Official Trailer (2023 Movie),IiMinixSXII,https://www.youtube.com/watch?v=IiMinixSXII,2022-07-21T20:14:58Z,25263456,187001,13663,PT2M16S
Trial by Fire,Trial By Fire | Official Trailer | In Select Theaters May 17,rrq6SOwyr5s,https://www.youtube.com/watch?v=rrq6SOwyr5s,2019-04-05T16:01:09Z,2252572,2008,180,PT2M25S
Kinda Pregnant,Kinda Pregnant | Official Trailer | Netflix,OAj2VFETzoM,https://www.youtube.com/watch?v=OAj2VFETzoM,2025-01-07T15:00:00Z,311531,3541,968,PT2M33S
Despicable Me,Despicable Me - Theatrical Trailer,zzCZ1W_CUoI,https://www.youtube.com/watch?v=zzCZ1W_CUoI,2010-03-25T18:36:17Z,3565732,11467,0,PT2M44S
Aftermath,Aftermath (2024) | Official Trailer | Voltage Pictures,Ds8JTI_9vjM,https://www.youtube.com/watch?v=Ds8JTI_9vjM,2024-10-10T08:04:47Z,545865,8983,296,PT2M
Shrek,Shrek (2001) Trailer #1 | Movieclips Classic Trailers,CwXOrWvPBPk,https://www.youtube.com/watch?v=CwXOrWvPBPk,2018-04-19T20:10:48Z,2261244,8533,0,PT2M16S
Shrek 2,Shrek 2 (2004) Trailer #1 | Movieclips Classic Trailers,xBgSfhp5Fxo,https://www.youtube.com/watch?v=xBgSfhp5Fxo,2018-04-19T21:02:57Z,595544,2317,0,PT1M19S
The Witcher: Sirens of the Deep,The Witcher: Sirens of The Deep | Official Trailer | Netflix,PYzqa1CDTik,https://www.youtube.com/watch?v=PYzqa1CDTik,2025-01-14T16:00:04Z,1100982,39988,2265,PT2M5S
Norbit,Norbit - Trailer,HFIdZpc2L6w,https://www.youtube.com/watch?v=HFIdZpc2L6w,2012-05-11T00:21:23Z,1871265,0,0,PT1M50S
Shrek the Third,Shrek the Third (2007) Trailer #1 | Movieclips Classic Trailers,_MoIr7811Bs,https://www.youtube.com/watch?v=_MoIr7811Bs,2018-05-01T00:08:17Z,1010910,3549,0,PT2M11S
The Menu,THE MENU | Official Trailer | Searchlight Pictures,C_uTkUGcHv4,https://www.youtube.com/watch?v=C_uTkUGcHv4,2022-08-10T13:00:03Z,17197663,49487,2659,PT2M11S
Spider-Man: No Way Home,SPIDER-MAN: NO WAY HOME - Official Trailer (HD),JfVOs4VSpmA,https://www.youtube.com/watch?v=JfVOs4VSpmA,2021-11-17T01:30:05Z,84214142,2953286,173104,PT3M4S
Spider-Man: No Way Home (Extended Version),SPIDER-MAN: NO WAY HOME - Official Trailer (HD),JfVOs4VSpmA,https://www.youtube.com/watch?v=JfVOs4VSpmA,2021-11-17T01:30:05Z,84214142,2953286,173104,PT3M4S
The Secret Life of Pets 2,The Secret Life Of Pets 2 | Official Trailer [HD] | Illumination,mYocfuqu2A8,https://www.youtube.com/watch?v=mYocfuqu2A8,2019-04-11T07:00:57Z,28751596,40108,0,PT2M48S
The Sentinel,The Sentinel - Official® Trailer [HD],ThPzG25NS28,https://www.youtube.com/watch?v=ThPzG25NS28,2013-10-16T17:56:07Z,151685,515,24,PT2M2S
Under the Boardwalk,Under the Boardwalk | Official Trailer | Paramount Movies,vQmTVrNuxAI,https://www.youtube.com/watch?v=vQmTVrNuxAI,2023-10-24T16:32:37Z,927125,10881,0,PT2M14S
The Lovely Bones,The Lovely Bones (2009) Trailer #1 | Movieclips Classic Trailers,s9PrQmcV81Y,https://www.youtube.com/watch?v=s9PrQmcV81Y,2018-05-03T22:07:05Z,3492401,47014,1924,PT2M36S
The Secret Life of Pets,The Secret Life Of Pets | Official Teaser Trailer (HD) | Illumination,i-80SGWfEjM,https://www.youtube.com/watch?v=i-80SGWfEjM,2015-06-17T14:56:00Z,35936737,122343,0,PT2M41S
Scream VI,Scream VI | Official Trailer (2023 Movie),h74AXqw4Opc,https://www.youtube.com/watch?v=h74AXqw4Opc,2023-01-19T14:00:00Z,22271669,176964,15453,PT2M25S
Minions: The Rise of Gru,Minions: The Rise of Gru | Official Trailer,6DxjJzmYsXo,https://www.youtube.com/watch?v=6DxjJzmYsXo,2022-03-30T15:00:03Z,37228488,210087,0,PT2M27S
Carry-On,Carry-On | Official Trailer | Netflix,KS0XacjMmOc,https://www.youtube.com/watch?v=KS0XacjMmOc,2024-11-12T14:00:00Z,6953200,86356,3962,PT2M49S
Father Stu,FATHER STU - Official Trailer (HD),DHREzAdyCPs,https://www.youtube.com/watch?v=DHREzAdyCPs,2022-02-10T18:00:04Z,10970245,72910,4222,PT3M35S
Pushpa 2: The Rule (Reloaded Version),Pushpa 2 The Rule Reloaded - Glimpse (Hindi) | Allu Arjun | Sukumar | Rashmika Mandanna | DSP,XGOvqzXJNSs,https://www.youtube.com/watch?v=XGOvqzXJNSs,2025-01-11T19:47:48Z,2225193,50845,1098,PT26S
Sniper: Ultimate Kill,Sniper: Ultimate Kill Trailer - Available on Blu-ray & Digital 10/3,ZKBlKsx4N38,https://www.youtube.com/watch?v=ZKBlKsx4N38,2017-07-31T22:25:06Z,1759374,3429,103,PT1M8S
You Gotta Believe,YOU GOTTA BELIEVE | Official Trailer | Starring Luke Wilson and Greg Kinnear | In Theaters August 30,0r_nbHSOyDE,https://www.youtube.com/watch?v=0r_nbHSOyDE,2024-06-25T20:12:07Z,587034,1665,102,PT2M13S
To All the Boys I’ve Loved Before,To All The Boys I've Loved Before | Official Trailer | Netflix,555oiY9RWM4,https://www.youtube.com/watch?v=555oiY9RWM4,2018-07-26T14:00:01Z,13736656,218547,8726,PT2M14S
Knight and Day,Knight and Day | Official Trailer (HD) | 20th Century FOX,JGPl86DBNNs,https://www.youtube.com/watch?v=JGPl86DBNNs,2010-01-09T00:15:24Z,6614012,37691,1693,PT2M31S
Ma,MA - Official Trailer,eIvbEC8N3cA,https://www.youtube.com/watch?v=eIvbEC8N3cA,2019-02-13T15:59:26Z,13365853,95185,8658,PT2M29S
Sonic the Hedgehog,Sonic The Hedgehog (2020) - New Official Trailer - Paramount Pictures,szby7ZHLnkA,https://www.youtube.com/watch?v=szby7ZHLnkA,2019-11-12T10:54:37Z,56169736,1150363,108378,PT2M52S
Eye for an Eye,Eye for an Eye | Official Trailer (HD) | Vertical,1Bhjt0G5pcY,https://www.youtube.com/watch?v=1Bhjt0G5pcY,2025-06-09T17:20:51Z,38504,721,46,PT1M59S
Wallace & Gromit: Vengeance Most Fowl,Wallace & Gromit: Vengeance Most Fowl | Official Trailer | Netflix,X0ZGf2B01uU,https://www.youtube.com/watch?v=X0ZGf2B01uU,2024-11-21T13:00:00Z,1761668,50045,0,PT2M13S
The Six Triple Eight,The Six Triple Eight | Official Trailer | Netflix,7Thq-SBtukg,https://www.youtube.com/watch?v=7Thq-SBtukg,2024-11-25T14:00:00Z,2800183,25892,5807,PT2M37S
Dr. Seuss' The Grinch,The Grinch | Official Trailer [HD] | Illumination,vjnqABgxfO0,https://www.youtube.com/watch?v=vjnqABgxfO0,2018-03-08T16:00:08Z,51622614,180416,0,PT2M16S
Avicii - I'm Tim,Avicii – I'm Tim | Official Trailer | Netflix,X8LHNaCHYsg,https://www.youtube.com/watch?v=X8LHNaCHYsg,2024-12-18T14:00:00Z,1478155,44665,1858,PT1M54S
Non-Stop,Non-Stop Official Trailer #1 (2014) - Liam Neeson Thriller HD,jiHDJ19A3dk,https://www.youtube.com/watch?v=jiHDJ19A3dk,2013-10-16T16:32:36Z,12104306,37029,4059,PT2M23S
Horizon: An American Saga: Chapter 1,Horizon: An American Saga | Trailer 1,YYsReoZMj1k,https://www.youtube.com/watch?v=YYsReoZMj1k,2024-02-26T17:00:26Z,7644838,60028,5545,PT3M15S
That Christmas,That Christmas | Official Trailer | Netflix,SiCTXSwqzkw,https://www.youtube.com/watch?v=SiCTXSwqzkw,2024-10-28T15:00:00Z,1848219,23783,1228,PT2M28S
Furiosa: A Mad Max Saga,FURIOSA : A MAD MAX SAGA | OFFICIAL TRAILER #1,XJMuhwVlca4,https://www.youtube.com/watch?v=XJMuhwVlca4,2023-11-30T23:32:51Z,29172233,233949,22996,PT2M27S
In the Heart of the Sea,In the Heart of the Sea - Final Trailer [HD],K-H35Mpj4uk,https://www.youtube.com/watch?v=K-H35Mpj4uk,2015-11-02T01:15:32Z,16902115,77534,3011,PT2M35S
Armor,"Armor (2024) Official Trailer - Jason Patric, Sylvester Stallone, Dash Mihok",402_wx35uq8,https://www.youtube.com/watch?v=402_wx35uq8,2024-10-08T17:11:28Z,1436910,9278,915,PT2M17S
K.O.,K.O. | Official Trailer | Netflix,7ECPKBH88No,https://www.youtube.com/watch?v=7ECPKBH88No,2025-05-13T10:00:00Z,991009,6134,333,PT1M43S
Dumb Money,DUMB MONEY - Official Trailer (HD),bmr8YmwnZ3w,https://www.youtube.com/watch?v=bmr8YmwnZ3w,2023-06-22T15:00:27Z,12439640,34000,2234,PT3M5S
Happy Gilmore,Happy Gilmore Official Trailer #1 - Christopher McDonald Movie (1996) HD,y1emDAYCfVQ,https://www.youtube.com/watch?v=y1emDAYCfVQ,2012-01-10T06:54:53Z,1605815,4610,323,PT2M16S
A Widow's Game,A Widow's Game - Official Trailer [English] | Netflix,KZ1IBF8pvPg,https://www.youtube.com/watch?v=KZ1IBF8pvPg,2025-05-24T13:00:36Z,122025,321,27,PT1M27S
The Dive,The Dive | Official Trailer,ZR8IJy1VR9g,https://www.youtube.com/watch?v=ZR8IJy1VR9g,2023-06-28T08:30:10Z,335732,1088,0,PT2M18S
Sikandar,"SIKANDAR Official Trailer - Salman Khan, Rashmika | Sajid Nadiadwala | A.R. Murugadoss | 30th March",BAk5ZCoTWY8,https://www.youtube.com/watch?v=BAk5ZCoTWY8,2025-03-23T11:45:34Z,69232734,1007473,83388,PT3M38S
Leave No Trace,LEAVE NO TRACE | Official Trailer,_07ktacEGo8,https://www.youtube.com/watch?v=_07ktacEGo8,2018-04-26T16:27:01Z,5852652,14004,1267,PT3M9S
Follow Me,FOLLOW ME - Official Trailer [Australia] - In Cinemas July 16,IAUeZAO-Klw,https://www.youtube.com/watch?v=IAUeZAO-Klw,2020-07-06T02:54:01Z,329474,1032,60,PT1M59S
Paycheck,Paycheck (2003) Trailer #1 | Movieclips Classic Trailers,rkE5I9nFqrI,https://www.youtube.com/watch?v=rkE5I9nFqrI,2018-05-16T17:46:05Z,247457,1390,118,PT2M36S
A Stitch in Time,A Stitch In Time - Official Trailer,XTQ2jfY3xO0,https://www.youtube.com/watch?v=XTQ2jfY3xO0,2023-04-19T06:40:08Z,11499,71,7,PT2M6S
5,Housefull 5 | Official Trailer | Sajid Nadiadwala | Tarun Mansukhani | In Cinemas on 6th June 2025,xGQuT1wm2qk,https://www.youtube.com/watch?v=xGQuT1wm2qk,2025-05-27T08:07:45Z,28061592,592599,36988,PT3M53S
The Expendables 4,"EXPEND4BLES (2023) Official Trailer - Jason Statham, 50 Cent, Megan Fox, Dolph Lundgren",DhlaBO-SwVE,https://www.youtube.com/watch?v=DhlaBO-SwVE,2023-06-07T16:00:08Z,25766567,110268,9826,PT2M12S
Bandit,Bandit I Official Trailer,sSjYZXVXiaM,https://www.youtube.com/watch?v=sSjYZXVXiaM,2022-08-15T16:09:47Z,1041238,2524,0,PT2M4S
The Diplomat,The Diplomat | Official Trailer | Netflix,lV6sJlBbhPs,https://www.youtube.com/watch?v=lV6sJlBbhPs,2023-04-05T14:00:02Z,2992524,20659,1104,PT2M15S
Bad Influence,Bad Influence - Official Trailer | Netflix,412WAdJM7sY,https://www.youtube.com/watch?v=412WAdJM7sY,2025-04-19T13:00:06Z,265628,1042,79,PT1M28S
Exterritorial,Exterritorial | Official Trailer | Netflix,tlLsFEDHtWs,https://www.youtube.com/watch?v=tlLsFEDHtWs,2025-04-15T11:00:00Z,1801829,11976,1058,PT1M33S
The Hill,The Hill Trailer #1 (2023),upE1VupKCW8,https://www.youtube.com/watch?v=upE1VupKCW8,2023-06-01T21:02:35Z,1237482,5055,263,PT2M30S
The Northman,THE NORTHMAN - Official Trailer - Only In Theaters April 22,oMSdFM12hOw,https://www.youtube.com/watch?v=oMSdFM12hOw,2021-12-20T14:00:34Z,31061168,247109,18001,PT2M44S
The Beast Within,THE BEAST WITHIN | Official Trailer | Starring Kit Harington | In Theaters July 26,ctcLCGbeVZA,https://www.youtube.com/watch?v=ctcLCGbeVZA,2024-06-18T19:00:24Z,1524292,4273,327,PT2M3S
iHostage,iHostage | Official Trailer | Netflix,Dhg-3ME2L6M,https://www.youtube.com/watch?v=Dhg-3ME2L6M,2025-03-20T09:00:01Z,1101945,4338,496,PT1M53S
Missing,MISSING - Official Trailer (HD),seBixtcx19E,https://www.youtube.com/watch?v=seBixtcx19E,2022-11-16T17:00:42Z,17715462,36601,2217,PT2M35S
The Last Voyage of the Demeter,The Last Voyage of the Demeter | Official Trailer,eQUBghzpgzA,https://www.youtube.com/watch?v=eQUBghzpgzA,2023-04-13T15:50:05Z,2911209,14419,1146,PT2M35S
Jewel Thief - The Heist Begins,"Jewel Thief - The Heist Begins | Saif Ali Khan, Jaideep Ahlawat | Official Trailer | Netflix",_dUNLPNfS8s,https://www.youtube.com/watch?v=_dUNLPNfS8s,2025-04-14T11:39:39Z,51444374,85324,3058,PT2M14S
Chef,Chef | Official Trailer [HD]  | Open Road Films,5xlHJAEaf-s,https://www.youtube.com/watch?v=5xlHJAEaf-s,2014-04-08T17:09:10Z,455221,2182,71,PT2M46S
The Hangover: Part II,The Hangover Part II - Trailer,ohF5ZO_zOYU,https://www.youtube.com/watch?v=ohF5ZO_zOYU,2011-03-31T20:21:13Z,5930200,23369,2107,PT2M32S
The Hangover: Part III,The Hangover Part III - Official Trailer [HD],96TelFMZwHc,https://www.youtube.com/watch?v=96TelFMZwHc,2013-04-11T17:00:02Z,6330347,23013,1343,PT2M27S
RV,RV (2006) Official Trailer,Woes2BeUj-A,https://www.youtube.com/watch?v=Woes2BeUj-A,2014-03-07T12:18:08Z,261747,1258,131,PT2M19S
Speak No Evil,Speak No Evil | Official Trailer,FjzxI6uf8H8,https://www.youtube.com/watch?v=FjzxI6uf8H8,2024-04-10T23:58:57Z,21067475,43770,4647,PT2M56S
Joy Ride,"Joy Ride (2023) Official Red Band Trailer - Ashley Park, Sherry Cola, Stephanie Hsu, Sabrina Wu",jyI-AM5VXDo,https://www.youtube.com/watch?v=jyI-AM5VXDo,2023-03-17T16:15:23Z,4453851,40054,2387,PT2M33S
Mending the Line,MENDING THE LINE | Official Trailer,tSkv_sEyPSc,https://www.youtube.com/watch?v=tSkv_sEyPSc,2023-05-12T17:16:16Z,328522,1105,77,PT2M33S
Big George Foreman: The Miraculous Story of the Once and Future Heavyweight Champion of the World,BIG GEORGE FOREMAN – Official Trailer (HD),urKDu40iaXk,https://www.youtube.com/watch?v=urKDu40iaXk,2023-02-01T14:00:36Z,15277203,52956,3948,PT2M50S
Deva,Deva | Official Trailer l Shahid Kapoor | Pooja Hegde | Rosshan Andrrews | In Cinemas 31stJanuary,3x77q40hATw,https://www.youtube.com/watch?v=3x77q40hATw,2025-01-17T07:53:58Z,37947049,372140,10269,PT2M19S
Pawno,PAWNO | Official Trailer HD,EYORRXoQwcA,https://www.youtube.com/watch?v=EYORRXoQwcA,2017-04-26T03:37:36Z,4653,12,3,PT2M16S
"Are You There God? It's Me, Margaret","Are You There God? It’s Me, Margaret. (2023) Official Trailer - Rachel McAdams",LzRzojHC3iE,https://www.youtube.com/watch?v=LzRzojHC3iE,2023-01-12T16:00:17Z,23080839,23074,1500,PT2M20S
"Lyle, Lyle, Crocodile","LYLE, LYLE, CROCODILE - Official Trailer (HD)",s0W6O7mSlaU,https://www.youtube.com/watch?v=s0W6O7mSlaU,2022-09-07T13:00:11Z,4793865,28749,1583,PT2M38S
Whitney Houston: I Wanna Dance with Somebody,I WANNA DANCE WITH SOMEBODY - Official Trailer (HD),9tfemzaMkoU,https://www.youtube.com/watch?v=9tfemzaMkoU,2022-09-15T13:45:02Z,11098058,24920,2339,PT2M5S
Ted 2,Ted 2 - Official Trailer (HD),S3AVcCggRnU,https://www.youtube.com/watch?v=S3AVcCggRnU,2015-01-29T16:47:27Z,33808821,164691,7089,PT2M40S
Timeline,Timeline (2003) Original Trailer [FHD],6GLVsHZ9J1I,https://www.youtube.com/watch?v=6GLVsHZ9J1I,2021-07-07T13:19:23Z,153076,922,70,PT1M26S
Shaft,SHAFT – Official Trailer [HD],lD41XdWcmbY,https://www.youtube.com/watch?v=lD41XdWcmbY,2019-02-07T04:52:13Z,16296848,117036,7921,PT2M8S
Black and Blue,BLACK AND BLUE - Official Trailer (HD),QCfSeVCr7ng,https://www.youtube.com/watch?v=QCfSeVCr7ng,2019-06-24T01:30:02Z,15306807,45865,2362,PT3M1S
Enemy at the Gates,Enemy at the Gates (2001) Official Trailer #1 - Jude Law Movie HD,4O-sMh_DO6I,https://www.youtube.com/watch?v=4O-sMh_DO6I,2012-12-05T21:02:14Z,3055197,9707,513,PT2M56S
Thelma,THELMA - Official Trailer (Universal Pictures),B0NlEIXbjcw,https://www.youtube.com/watch?v=B0NlEIXbjcw,2024-06-03T17:26:57Z,562850,8524,277,PT2M2S
A Man Called Otto,A MAN CALLED OTTO - Official Trailer (HD),eFYUX9l-m5I,https://www.youtube.com/watch?v=eFYUX9l-m5I,2022-10-20T13:00:25Z,16369405,54273,5456,PT2M40S
Weekend in Taipei,WEEKEND IN TAIPEI Official Trailer (2024) Luke Evans,pPwLXK7ot2E,https://www.youtube.com/watch?v=pPwLXK7ot2E,2024-08-01T16:15:03Z,769726,7685,352,PT2M23S
The Watchers,THE WATCHERS | Official Trailer,dYo91Fq9tKY,https://www.youtube.com/watch?v=dYo91Fq9tKY,2024-04-22T16:00:28Z,15039873,51988,2865,PT2M55S
Rush Hour,"Rush Hour (1998) Official Trailer - Jackie Chan, Chris Tucker Movie HD",JMiFsFQcFLE,https://www.youtube.com/watch?v=JMiFsFQcFLE,2014-02-18T22:52:00Z,2756008,16653,552,PT2M32S
Demon City,Demon City | Official Trailer | Netflix,q-djvN7i5us,https://www.youtube.com/watch?v=q-djvN7i5us,2025-02-02T01:00:01Z,2099649,20021,1339,PT2M4S
Counterattack,Counterstrike | Official Trailer | Netflix,pEO34SeTsY0,https://www.youtube.com/watch?v=pEO34SeTsY0,2025-02-04T15:00:00Z,3960121,71914,5297,PT1M57S
Black Site,Black Site | Official Trailer (HD) | Vertical Entertainment,Gs9Z-XP57Hk,https://www.youtube.com/watch?v=Gs9Z-XP57Hk,2022-04-14T16:53:41Z,645976,1667,62,PT2M18S
Babes,Babes Trailer #1 (2024),rAfS15DIyEY,https://www.youtube.com/watch?v=rAfS15DIyEY,2024-04-04T16:41:29Z,350673,1661,200,PT2M35S
After the Sunset,After the Sunset (2004) Trailer | Pierce Brosnan | Salma Hayek,gAYaXZj4urU,https://www.youtube.com/watch?v=gAYaXZj4urU,2019-06-11T10:27:15Z,13133,46,1,PT2M31S
Transformers: Rise of the Beasts,Transformers: Rise of the Beasts | Official Trailer (2023 Movie),itnqEauWQZM,https://www.youtube.com/watch?v=itnqEauWQZM,2023-04-27T13:00:05Z,36037809,426644,27941,PT2M33S
Runn,"RUNN | Nedd Brockmann Documentary Official Trailer (Kayo Freebies, 30"")",R11I29tRQwM,https://www.youtube.com/watch?v=R11I29tRQwM,2024-07-08T08:30:11Z,6866,26,0,PT31S
Twisted,Twisted (2004) Trailer #1 | Movieclips Classic Trailers,dlm7__LSzBI,https://www.youtube.com/watch?v=dlm7__LSzBI,2018-05-11T20:42:15Z,120817,457,40,PT2M13S
MaXXXine,MaXXXine | Official Trailer HD | A24,y0uS3t6nFgY,https://www.youtube.com/watch?v=y0uS3t6nFgY,2024-04-08T13:01:00Z,13495068,197352,8493,PT2M22S
The Wasp,The Wasp - Official Trailer | ONLY IN THEATERS AUGUST 30,qxtUKl-5kwA,https://www.youtube.com/watch?v=qxtUKl-5kwA,2024-08-09T18:31:11Z,195301,692,87,PT2M2S
The Bikeriders,THE BIKERIDERS - Official Trailer 2 [HD] - Only In Theaters June 21,BrSaVt5pvPk,https://www.youtube.com/watch?v=BrSaVt5pvPk,2024-02-29T16:00:02Z,20510512,29554,2337,PT2M46S
Bait,BAIT 3D [2012] Official Trailer,wi4wcCVXd6o,https://www.youtube.com/watch?v=wi4wcCVXd6o,2012-05-21T03:31:43Z,712377,1572,335,PT2M24S
The Score,The Score (2001) Official Trailer #1 - Robert De Niro Movie HD,AiN6-UdxcbI,https://www.youtube.com/watch?v=AiN6-UdxcbI,2013-02-07T04:52:00Z,779949,2458,146,PT2M59S
Hanna,Hanna (2011) Movie Trailer HD,u73CLdHpbNk,https://www.youtube.com/watch?v=u73CLdHpbNk,2011-09-02T19:49:15Z,3012722,16786,734,PT2M30S
Meet Joe Black,"Meet Joe Black Official Trailer #1 - Brad Pitt, Anthony Hopkins Movie (1998) HD",_zIOjl93WrU,https://www.youtube.com/watch?v=_zIOjl93WrU,2012-01-10T07:07:22Z,5481580,28251,1082,PT2M27S
Hardball,Hard Ball (2001) Official Trailer #1 - Keanu Reeves Movie HD,mb7Gupu3M2Y,https://www.youtube.com/watch?v=mb7Gupu3M2Y,2013-02-12T06:37:27Z,486259,2381,175,PT3M29S
Ad Vitam,Ad Vitam | Official Trailer | Netflix,gMmF9uWqzK8,https://www.youtube.com/watch?v=gMmF9uWqzK8,2024-11-22T11:00:00Z,1156599,3091,159,PT1M46S
Romance in Style,Preview - Romance in Style - Hallmark Channel,KIBFDMSr0Bw,https://www.youtube.com/watch?v=KIBFDMSr0Bw,2022-07-29T19:32:41Z,137356,724,60,PT53S
Take My Hand,TAKE MY HAND - Official Trailer,nZoMVZRmIt4,https://www.youtube.com/watch?v=nZoMVZRmIt4,2024-06-03T17:19:35Z,368444,3577,88,PT2M12S
Grey Lady,Grey Lady Theatrical Trailer,FCMRSRu0ibo,https://www.youtube.com/watch?v=FCMRSRu0ibo,2017-02-18T04:37:47Z,1160523,314,28,PT1M27S
Godzilla x Kong: The New Empire,Godzilla x Kong : The New Empire | Official Trailer,lV1OOlGwExM,https://www.youtube.com/watch?v=lV1OOlGwExM,2023-12-03T20:50:56Z,37265051,812010,54873,PT2M49S
The Mountain Between Us,The Mountain Between Us | Official Trailer | 20th Century FOX,3jyzGKXBOxA,https://www.youtube.com/watch?v=3jyzGKXBOxA,2017-05-31T13:00:06Z,12118152,16146,1282,PT2M20S
Memoirs of a Geisha,Memoirs of a Geisha (2005) Official Trailer 1 - Ziyi Zhang Movie,4L-xlmakQvc,https://www.youtube.com/watch?v=4L-xlmakQvc,2017-02-27T22:22:52Z,2370644,22240,1007,PT2M31S
Jaat,"Jaat | Official Trailer | Sunny Deol, Randeep Hooda, Vineet Kumar Singh | Netflix India",#NAME?,https://www.youtube.com/watch?v=-I5kX9b9rGc,2025-06-05T06:30:00Z,554534,6185,544,PT2M56S
HIT: The Third Case,"HIT: The Third Case | Hindi Trailer | Nani, Srinidhi Shetty | Netflix India",VOScrKrY2fM,https://www.youtube.com/watch?v=VOScrKrY2fM,2025-05-28T08:30:00Z,1174322,15552,482,PT3M43S
Retro,Retro Trailer | Suriya | Pooja Hegde | Karthik Subbaraj | Santhosh Narayanan | Latest Tamil Trailer,ZnH_2I0WoFQ,https://www.youtube.com/watch?v=ZnH_2I0WoFQ,2025-04-18T13:30:34Z,24180897,574324,22070,PT2M43S
HIT: The First Case,"HIT - The First Case (Trailer) - Rajkummar Rao, Sanya Malhotra || Dr. Sailesh K || Bhushan Kumar",JtdCIn47v5g,https://www.youtube.com/watch?v=JtdCIn47v5g,2022-06-23T08:15:10Z,31462306,382036,24583,PT2M34S
Jack,PURGATORY JACK Official Trailer (2025),HxIQiUFlq_w,https://www.youtube.com/watch?v=HxIQiUFlq_w,2025-06-23T14:17:29Z,460,40,1,PT1M43S
Good Bad Ugly,Good Bad Ugly Tamil Trailer | Ajith Kumar | Trisha | Adhik Ravichandran | Mythri Movie Makers,c9zWcnNR2q0,https://www.youtube.com/watch?v=c9zWcnNR2q0,2025-04-04T15:45:01Z,46300580,766921,44246,PT2M2S
Court: State vs A Nobody,"Court: State vs A Nobody | Trailer | Nani, Priyadarshi | Netflix India",0f1sgQSdoDE,https://www.youtube.com/watch?v=0f1sgQSdoDE,2025-04-09T10:30:00Z,1400527,13758,474,PT3M15S
Chhaava,"Chhaava | Official Trailer | Vicky Kaushal, Rashmika Mandanna, Akshaye Khanna | Netflix India",hs3w32RG8L8,https://www.youtube.com/watch?v=hs3w32RG8L8,2025-04-10T05:30:00Z,1018034,12233,626,PT3M23S
Night Swim,Night Swim | Official Trailer,pcSNqteCEtE,https://www.youtube.com/watch?v=pcSNqteCEtE,2023-10-05T15:00:53Z,15028546,40982,2997,PT1M57S
Gunjan Saxena: The Kargil Girl,GUNJAN SAXENA: The Kargil Girl | Official Trailer | Netflix India,rtGIq9Xjnrw,https://www.youtube.com/watch?v=rtGIq9Xjnrw,2020-08-01T04:30:09Z,13352594,373756,58892,PT2M42S
Last Bullet,Last Bullet | Official Trailer | Netflix,r2u9GifyDg0,https://www.youtube.com/watch?v=r2u9GifyDg0,2025-04-09T10:00:00Z,781179,6133,182,PT2M5S
#Iamhere,I AM HERE Official Trailer,Wr68OBEmXac,https://www.youtube.com/watch?v=Wr68OBEmXac,2014-10-31T10:29:32Z,417306,355,25,PT1M40S
.9 Criminal Lawyer: The Movie,Officer of the Law,oEP4Rm4iBRU,https://www.youtube.com/watch?v=oEP4Rm4iBRU,2008-12-04T05:15:45Z,338,3,0,PT5M19S
A Business Proposal,Business Proposal | Official Trailer | Netflix,mh4R-WXRhQo,https://www.youtube.com/watch?v=mh4R-WXRhQo,2022-02-14T01:00:00Z,1301168,24574,446,PT43S
A Lagos Love Story,A Lagos Love Story (2025) | Teaser,nAr8Sa9aYkY,https://www.youtube.com/watch?v=nAr8Sa9aYkY,2025-03-10T16:16:38Z,106850,444,45,PT49S
Amaran,"Amaran - Trailer | Sivakarthikeyan, Sai Pallavi | Rajkumar | GV Prakash | Kamal Haasan | Mahendran",hylIXfZeB4c,https://www.youtube.com/watch?v=hylIXfZeB4c,2024-10-23T12:28:07Z,15005704,495877,11688,PT2M21S
American Made,American Made - Official Trailer [HD],AEBIJRAkujM,https://www.youtube.com/watch?v=AEBIJRAkujM,2017-06-05T15:01:01Z,15620409,39938,2445,PT2M28S
Azaad,"Azaad Official Trailer | Ajay D, Abhishek K, Ronnie S, Pragya K, Diana P, Aaman D, Rasha T | 17 Jan",WvUijIdiq5U,https://www.youtube.com/watch?v=WvUijIdiq5U,2025-01-06T07:30:40Z,19998989,148110,3430,PT2M44S
Bhool Bhulaiyaa 3,"Bhool Bhulaiyaa 3 (Official Trailer): Kartik Aaryan,Vidya B,Madhuri D,Triptii | Anees B | Bhushan K",6YMY62tMLUA,https://www.youtube.com/watch?v=6YMY62tMLUA,2024-10-09T09:00:08Z,80511962,1247401,47507,PT3M51S
Bogot√°: City of the Lost,Alphabet Lore with broken bones! (E-J) Part 2,CW7B7ILllWg,https://www.youtube.com/watch?v=CW7B7ILllWg,2023-03-10T12:00:09Z,20581209,271062,2800,PT21S
Bullet Train Explosion,Bullet Train Explosion - Official Trailer [English] | Netflix,HB_0B5wNWiI,https://www.youtube.com/watch?v=HB_0B5wNWiI,2025-04-07T18:33:30Z,39221,195,24,PT1M53S
Cells At Work!,Cells At Work! | Official Trailer | Netflix,VKzbpeFLXTk,https://www.youtube.com/watch?v=VKzbpeFLXTk,2025-05-13T03:00:00Z,342171,15485,899,PT1M57S
Change of Plans,Change of Plans Trailer,nVP01EOab0s,https://www.youtube.com/watch?v=nVP01EOab0s,2011-01-05T15:33:00Z,4994206,10116,278,PT2M34S
Cheers to Life,Cheers to Life - Official Trailer | Netflix,NTl5cCZwKQE,https://www.youtube.com/watch?v=NTl5cCZwKQE,2025-06-08T13:00:37Z,13355,14,5,PT1M36S
Daaku Maharaaj,Daaku Maharaaj Trailer | Nandamuri Balakrishna | Bobby Kolli | Thaman S | S Naga Vamsi,jSvmAwDFm10,https://www.youtube.com/watch?v=jSvmAwDFm10,2025-01-11T07:30:22Z,1968040,26473,479,PT3M4S
Devara,Devara Part -1 Trailer (Tamil) | NTR | Saif Ali Khan | Janhvi | Koratala Siva | Anirudh | Sep 27,byEjl2kJGK0,https://www.youtube.com/watch?v=byEjl2kJGK0,2024-09-10T11:34:00Z,3892732,156343,4238,PT2M40S
Dhoom Dhaam,"Dhoom Dhaam | Official Trailer | Yami Gautam, Pratik Gandhi | Netflix India",6RT3cB3T74w,https://www.youtube.com/watch?v=6RT3cB3T74w,2025-01-27T07:30:02Z,16941812,43220,1069,PT2M32S
Dragon,How To Train Your Dragon | Official Trailer,22w7z_lT6YM,https://www.youtube.com/watch?v=22w7z_lT6YM,2025-02-12T13:01:06Z,41651999,248729,16088,PT2M29S
Emergency,Emergency - Official Trailer | Prime Video,FVi9hlvQOrg,https://www.youtube.com/watch?v=FVi9hlvQOrg,2022-05-03T14:59:50Z,7860792,7838,605,PT2M23S
Guns,Weapons | Official Trailer,OpThntO9ixc,https://www.youtube.com/watch?v=OpThntO9ixc,2025-04-29T13:17:07Z,17892743,123040,8631,PT1M56S
Honeymoon Crasher,Honeymoon Crasher - Official Trailer | Netflix,i2SnGZSiMeU,https://www.youtube.com/watch?v=i2SnGZSiMeU,2025-02-05T14:00:48Z,125882,283,67,PT1M45S
Inside Job,Inside Job | Official Trailer HD (2010),FzrBurlJUNk,https://www.youtube.com/watch?v=FzrBurlJUNk,2010-08-27T15:55:50Z,4570690,13782,1506,PT2M21S
Jumanji: The Next Level,JUMANJI: THE NEXT LEVEL - Official Trailer (HD),rBxcF-r9Ibs,https://www.youtube.com/watch?v=rBxcF-r9Ibs,2019-07-01T13:00:15Z,47304806,335565,11044,PT2M58S
Kadhalikka Neramillai,Kadhalikka Neramillai Trailer | Jayam Ravi | Nithya Menen | AR Rahman | Kiruthiga Udhyanidhi,ur9ePXO1GNI,https://www.youtube.com/watch?v=ur9ePXO1GNI,2025-01-07T14:07:23Z,7256856,124520,2427,PT2M35S
Kathal - A Jackfruit Mystery,"Kathal | Official Trailer | Sanya Malhotra, Rajpal Yadav, Vijay Raaz | Netflix India",Wkqp8bs3Bro,https://www.youtube.com/watch?v=Wkqp8bs3Bro,2023-05-04T11:11:24Z,47828214,68631,1384,PT2M30S
Laila Majnu,Laila Majnu | Official Trailer |  Ekta Kapoor | Imtiaz Ali  | Avinash Tiwary & Tripti Dimri,Cv-6cAHanZ8,https://www.youtube.com/watch?v=Cv-6cAHanZ8,2018-08-07T07:20:18Z,19484700,154056,5481,PT2M5S
Lucca's World,Lucca's World - Official Trailer | Netflix,T5ae3Xt8HN0,https://www.youtube.com/watch?v=T5ae3Xt8HN0,2025-01-12T14:00:28Z,127431,822,92,PT1M41S
Lucky Baskhar,"Lucky Baskhar | Official Trailer | Dulquer Salmaan, Meenakshi Chaudhary | Netflix India",Kv5RKsqVe-Y,https://www.youtube.com/watch?v=Kv5RKsqVe-Y,2024-11-26T06:30:00Z,2292135,21056,550,PT2M48S
M3GAN,M3GAN - official trailer,BRb4U99OU80,https://www.youtube.com/watch?v=BRb4U99OU80,2022-10-11T14:59:33Z,38338165,270676,24221,PT2M28S
Mad,MAD - Official Trailer | Kalyan Shankar | S. Naga Vamsi | Bheems Ceciroleo | #MADTheMovie,bQRCyrNmhj4,https://www.youtube.com/watch?v=bQRCyrNmhj4,2023-10-03T04:48:59Z,10794257,128342,1790,PT2M19S
Mad Square,"MAD Square - Official Trailer | Narne Nithiin, Sangeeth Shobhan, Ram Nitin | Kalyan Shankar",x9jlQ0_K5Zc,https://www.youtube.com/watch?v=x9jlQ0_K5Zc,2025-03-26T06:20:06Z,5974122,150278,1720,PT2M4S
Meenakshi Sundareshwar,"Meenakshi Sundareshwar | Official Teaser | Sanya Malhotra, Abhimanyu Dassani | Netflix India",f7AHllmuLyg,https://www.youtube.com/watch?v=f7AHllmuLyg,2021-10-12T05:30:00Z,6624641,66757,2416,PT1M28S
Mikaela,MIKAELA | Tráiler oficial HD,iAJcJqPY4zI,https://www.youtube.com/watch?v=iAJcJqPY4zI,2024-11-25T10:00:41Z,154885,417,83,PT1M25S
Nadaaniyan,"Nadaaniyan | Official Trailer | Ibrahim Ali Khan, Khushi Kapoor | Netflix India",bXTsJKcx_fc,https://www.youtube.com/watch?v=bXTsJKcx_fc,2025-03-01T08:30:00Z,14933844,40313,10188,PT2M11S
No Good Deed,No Good Deed | Official Trailer | Netflix,JKufPJ-JHvA,https://www.youtube.com/watch?v=JKufPJ-JHvA,2024-11-14T17:00:00Z,1206358,10412,560,PT2M24S
North of Normal,North of Normal | Official Trailer,gkIu_cfxXgU,https://www.youtube.com/watch?v=gkIu_cfxXgU,2024-03-13T18:32:46Z,26201,221,25,PT2M1S
Notebook,The Notebook (2004) Official Trailer - Ryan Gosling Movie,BjJcYdEOI0k,https://www.youtube.com/watch?v=BjJcYdEOI0k,2016-09-20T18:20:22Z,3379947,22134,552,PT2M14S
Officer on Duty,Officer On Duty - Official Trailer | Kunchako Boban | Priyamani | Jagadish | Jithu Ashraf,EoCPtpWmFtc,https://www.youtube.com/watch?v=EoCPtpWmFtc,2025-02-09T13:02:26Z,4701193,62210,1741,PT2M3S
Our Times,Our Times - Official Trailer | Netflix,R-i2dtOSqKA,https://www.youtube.com/watch?v=R-i2dtOSqKA,2025-05-18T13:00:57Z,55373,154,69,PT55S
Pagglait,"Pagglait | Official Trailer | Sanya Malhotra, Sayani Gupta & Ashutosh Rana",0xVqPbvLzX4,https://www.youtube.com/watch?v=0xVqPbvLzX4,2021-03-16T05:30:00Z,7149376,117086,2490,PT2M2S
Passengers,PASSENGERS - Official Trailer (HD),7BWWWQzTpNU,https://www.youtube.com/watch?v=7BWWWQzTpNU,2016-09-20T10:00:06Z,35464068,185009,18291,PT2M43S
Perayaan Mati Rasa,Perayaan Mati Rasa | Official Trailer,#NAME?,https://www.youtube.com/watch?v=-SqqreFK47E,2024-12-11T09:00:23Z,1533791,24328,278,PT2M7S
Perusu,Perusu - Official Trailer | Tamil | Vaibhav | Sunil | Ilango Ram | Niharika NM | Kingsley,w5AcI3gKYVM,https://www.youtube.com/watch?v=w5AcI3gKYVM,2025-03-08T06:41:20Z,2225759,34048,690,PT1M55S
Prey for the Devil,"Prey for the Devil (2022 Movie) Official Trailer #2 - Christian Navarro, Jacqueline Byers",OkEnG6inG4c,https://www.youtube.com/watch?v=OkEnG6inG4c,2022-09-23T13:00:08Z,4151202,20236,718,PT2M14S
Priest,Official PRIEST Trailer - In Theaters 5/13/2011,#NAME?,https://www.youtube.com/watch?v=-VNczhWD2ao,2010-09-15T17:05:50Z,4289416,13451,1868,PT2M30S
Pulung Gantung,Pulung Gantung: Pati Ngendat - Official Trailer,pI86GE6Ev00,https://www.youtube.com/watch?v=pI86GE6Ev00,2024-12-27T12:01:10Z,47564,607,127,PT2M
Race 3,Race 3 | Official Trailer | Salman Khan | Remo D'Souza | Releasing on 15th June 2018 | #Race3ThisEID,xBht9TG7ySw,https://www.youtube.com/watch?v=xBht9TG7ySw,2018-05-15T12:13:00Z,69478704,732866,39541,PT3M9S
Radio,Radio Trailer (2003),bcfvpJvbYyU,https://www.youtube.com/watch?v=bcfvpJvbYyU,2013-07-29T23:40:47Z,1066660,5315,446,PT2M33S
Rifle Club,Rifle Club - Trailer |Dileesh Pothan| Anurag Kashyap| Hanumankind |Vani Viswanath|Darshana Rajendran,_HacZSM24mA,https://www.youtube.com/watch?v=_HacZSM24mA,2024-12-04T12:30:00Z,6190880,84943,2758,PT3M37S
Shotgun Wedding,Shotgun Wedding - Official Trailer | Prime Video,qNVwRHQL8jw,https://www.youtube.com/watch?v=qNVwRHQL8jw,2022-10-04T13:59:47Z,10224704,12494,899,PT2M55S
Sikandar Ka Muqaddar,"Sikandar ka Muqaddar | Official Trailer | Tamannaah Bhatia, Jimmy Shergill, Avinash Tiwary",incbkkV-6vA,https://www.youtube.com/watch?v=incbkkV-6vA,2024-11-11T08:51:12Z,47907992,49629,1358,PT2M29S
Sorga Vaasal,Sorgavaasal - Trailer | RJ Balaji | Selvaraghavan | Sidharth Vishwanath | Swipe Right Studios,D4-aV9MrN8g,https://www.youtube.com/watch?v=D4-aV9MrN8g,2024-11-23T06:07:03Z,4672247,91581,1848,PT2M26S
Squad 36,Squad 36 - Official Trailer | Netflix,HS-aLeg1jw4,https://www.youtube.com/watch?v=HS-aLeg1jw4,2025-02-02T14:00:30Z,264149,597,40,PT1M30S
Strays,Strays | Official Trailer [HD],BzwOLKTbCUw,https://www.youtube.com/watch?v=BzwOLKTbCUw,2023-02-08T17:01:43Z,4636240,29943,2475,PT2M28S
TEST,"TEST | Madhavan, Nayanthara, Siddharth, Meera Jasmine | Tamil Trailer | Netflix",ryR2-jVjoeA,https://www.youtube.com/watch?v=ryR2-jVjoeA,2025-03-25T12:01:31Z,17570017,19488,719,PT2M51S
Thandel,"Thandel - Official Trailer | Naga Chaitanya, Sai Pallavi | Chandoo Mondeti | Devi Sri Prasad",6jBEzTbanUc,https://www.youtube.com/watch?v=6jBEzTbanUc,2025-01-28T13:32:09Z,16284274,264952,5849,PT2M23S
Thangalaan,Thangalaan - Trailer (Tamil) | Chiyaan Vikram | K E Gnanavelraja | Pa Ranjith | G V Prakash Kumar,9KUOQvF25NI,https://www.youtube.com/watch?v=9KUOQvF25NI,2024-07-10T11:30:23Z,14714154,301660,8372,PT2M10S
Thanksgiving,THANKSGIVING - Official Trailer (HD),KbU50SdL8zA,https://www.youtube.com/watch?v=KbU50SdL8zA,2023-10-04T15:01:03Z,25933112,79621,5555,PT2M40S
The Demon's Bride,Pengantin Iblis / The Demon's Bride (2025) | Official Trailer | MuNFaQQihA™ Playground,OoMM8H_tES0,https://www.youtube.com/watch?v=OoMM8H_tES0,2025-06-04T15:06:24Z,45188,96,8,PT2M
The Devil's Bride,The Devil's Bride (2025) Official Trailer,VJM2lxQGS0U,https://www.youtube.com/watch?v=VJM2lxQGS0U,2025-01-12T19:51:56Z,148977,648,11,PT51S
The Equalizer 3,THE EQUALIZER 3 - Official Red Band Trailer (HD),19ikl8vy4zs,https://www.youtube.com/watch?v=19ikl8vy4zs,2023-04-25T12:59:55Z,19092323,187740,14325,PT3M3S
The Exorcist: Believer,The Exorcist: Believer | Official Trailer,PIxpPMyGcpU,https://www.youtube.com/watch?v=PIxpPMyGcpU,2023-07-25T15:05:22Z,32382596,113260,13586,PT3M3S
The Heart Knows,The Heart Knows - Official Trailer | Netflix,uGgpPSJY6lw,https://www.youtube.com/watch?v=uGgpPSJY6lw,2025-05-27T15:39:56Z,49176,113,15,PT53S
The Last 7 Days,Sebelum 7 Hari / The Last 7 Days (2025) | Official Trailer | MuNFaQQihA™ Playground,zATtCmr7d3s,https://www.youtube.com/watch?v=zATtCmr7d3s,2025-06-04T15:32:29Z,16294,45,0,PT1M42S
Underdogs,Underdogs | Official Trailer | National Geographic,VSMAZIKokJI,https://www.youtube.com/watch?v=VSMAZIKokJI,2025-05-27T12:59:54Z,3858116,1028,101,PT1M16S
Veere Di Wedding,"Veere Di Wedding Trailer | Kareena Kapoor Khan, Sonam Kapoor, Swara Bhasker, Shikha Talsania| June 1",IZODr96ZRCc,https://www.youtube.com/watch?v=IZODr96ZRCc,2018-04-25T09:30:06Z,43489430,338864,19805,PT2M49S
Vicky Vidya ka Woh Wala Video,"Vicky Vidya Ka Woh Wala Video | Official Trailer | Rajkummar Rao, Triptii Dimri | Netflix India",4liP09haI9g,https://www.youtube.com/watch?v=4liP09haI9g,2024-12-06T07:08:24Z,1483581,12587,335,PT3M43S
VidaaMuyarchi,Vidaamuyarchi Trailer | Ajith Kumar | Trisha | Arjun | Magizh Thirumeni | Anirudh | Subaskaran| Lyca,hsoGpoDxyKg,https://www.youtube.com/watch?v=hsoGpoDxyKg,2025-01-16T13:10:01Z,20361907,773065,21614,PT2M22S
